Crop Name,Disease Name,Symptoms,Cause,Organic Solution,Chemical Solution,Prevention Tips
Tomato,Late Blight,Dark brown to black lesions on leaves and stems. White fuzzy growth on undersides of leaves during humid conditions.,Fungal pathogen Phytophthora infestans that thrives in cool moist conditions.,Apply copper fungicides or baking soda spray. Use compost tea as foliar spray. Plant resistant varieties.,Apply fungicides containing chlorothalonil or copper sulfate. Use systemic fungicides like metalaxyl.,Improve air circulation. Avoid overhead watering. Remove infected plant debris. Plant in well-draining soil.
Tomato,Bacterial Wilt,Wilting of leaves starting from lower branches. Brown discoloration in stem when cut. Plant may die within days.,Bacterial pathogen Ralstonia solanacearum that enters through roots and blocks water transport.,Remove infected plants immediately. Apply beneficial bacteria like Bacillus subtilis. Use crop rotation with non-host plants.,Apply bactericides containing copper compounds or streptomycin sulfate. Soil fumigation with methyl bromide alternatives.,Use certified disease-free seeds. Avoid planting in contaminated soil. Practice 3-year crop rotation. Improve soil drainage.
Tomato,Leaf Spot,Small dark spots on leaves that may have yellow halos. Spots may merge and cause leaf yellowing.,Fungal pathogens like Septoria lycopersici or Alternaria solani.,Apply neem oil spray. Use bicarbonate spray. Remove affected leaves and dispose properly.,Apply fungicides containing chlorothalonil or mancozeb. Use copper-based fungicides for bacterial leaf spot.,Space plants properly for air circulation. Water at soil level to avoid wetting leaves. Mulch around plants.
Potato,Early Blight,Dark brown spots with concentric rings on older leaves. Lesions may appear on tubers.,Fungal pathogen Alternaria solani favored by warm humid conditions.,Apply compost tea or neem oil. Use potato variety with resistance. Remove infected foliage.,Apply fungicides containing chlorothalonil or mancozeb. Use preventive sprays every 7-14 days.,Plant certified seed potatoes. Maintain proper plant spacing. Avoid overhead irrigation. Hill soil around plants.
Potato,Late Blight,Water-soaked lesions on leaves that turn brown. White fuzzy growth on leaf undersides. Tuber rot.,Fungal pathogen Phytophthora infestans that spreads rapidly in cool moist conditions.,Apply copper fungicides. Use milk spray (1:10 ratio). Plant resistant varieties like Defender.,Apply fungicides containing metalaxyl or dimethomorph. Use preventive applications before disease appears.,Monitor weather for blight-favorable conditions. Remove volunteer potatoes. Destroy infected plant debris. Use drip irrigation.
Wheat,Rust,Orange to reddish-brown pustules on leaves and stems. Severe infections cause premature leaf death.,Fungal pathogens including Puccinia species that spread by wind-blown spores.,Apply sulfur dust or neem oil. Use resistant wheat varieties. Practice crop rotation.,Apply fungicides containing propiconazole or tebuconazole. Time applications at flag leaf stage.,Plant rust-resistant varieties. Remove volunteer wheat plants. Monitor fields regularly during growing season. Avoid late planting.
Wheat,Powdery Mildew,White powdery coating on leaves and stems. Leaves may turn yellow and die prematurely.,Fungal pathogen Blumeria graminis favored by moderate temperatures and high humidity.,Apply milk spray or baking soda solution. Use sulfur-based organic fungicides. Improve air circulation.,Apply fungicides containing propiconazole or azoxystrobin. Make applications at early growth stages.,Plant resistant varieties. Avoid excessive nitrogen fertilization. Maintain proper plant spacing. Remove crop residues.
Rice,Blast,Diamond-shaped lesions with gray centers and brown borders on leaves. Neck rot in panicles.,Fungal pathogen Magnaporthe oryzae that spreads through spores and infected seeds.,Apply organic silicon amendments. Use Trichoderma-based biocontrol agents. Plant resistant varieties.,Apply fungicides containing tricyclazole or azoxystrobin. Use seed treatment with systemic fungicides.,Use certified disease-free seeds. Maintain proper water management. Avoid excessive nitrogen. Practice balanced fertilization.
Rice,Bacterial Blight,Yellow to white lesions with wavy margins on leaves. Systemic infection causes kresek symptoms.,Bacterial pathogen Xanthomonas oryzae that enters through wounds or natural openings.,Apply copper-based bactericides. Use biocontrol agents like Pseudomonas fluorescens. Plant resistant varieties.,Apply bactericides containing copper compounds or streptomycin. Use systemic acquired resistance inducers.,Use certified seeds. Maintain proper field sanitation. Avoid injuries during cultivation. Control insect vectors.
Corn,Northern Corn Leaf Blight,Long elliptical lesions on leaves that are tan to brown with dark borders.,Fungal pathogen Setosphaeria turcica favored by moderate temperatures and high humidity.,Apply organic fungicides containing Bacillus subtilis. Use crop rotation with non-host crops.,Apply fungicides containing azoxystrobin or propiconazole. Time applications at early growth stages.,Plant resistant hybrids. Bury or remove crop debris. Rotate with non-host crops. Maintain balanced nutrition.
Corn,Smut,Large galls filled with black spores on ears kernels stalks or leaves.,Fungal pathogen Ustilago maydis that infects through wounds or young tissues.,Remove and destroy galls before spores mature. Apply beneficial microorganisms to soil.,Apply fungicides containing propiconazole. Use seed treatments with systemic fungicides.,Avoid mechanical damage to plants. Control insects that create wounds. Plant in well-drained soils. Use balanced fertilization.
Apple,Fire Blight,Blackened branches that appear burned. Cankers on branches. Bacterial ooze from infected tissues.,Bacterial pathogen Erwinia amylovora that spreads through insects rain and pruning tools.,Apply copper sprays during dormant season. Use biological control with antagonistic bacteria. Prune infected branches.,Apply bactericides containing streptomycin or copper compounds. Use preventive sprays during bloom.,Prune during dry weather. Sterilize pruning tools. Remove suckers and water sprouts. Avoid excessive nitrogen fertilization.
Apple,Scab,Dark olive-green to black spots on leaves and fruit. Fruit may crack and become distorted.,Fungal pathogen Venturia inaequalis that overwinters in fallen leaves.,Apply lime sulfur during dormant season. Use organic fungicides containing potassium bicarbonate. Rake and destroy fallen leaves.,Apply fungicides containing captan or myclobutanil. Begin applications at green tip stage.,Plant scab-resistant varieties. Improve air circulation through pruning. Remove fallen leaves. Avoid overhead irrigation.
Orange,Citrus Canker,Raised corky lesions with water-soaked margins on leaves fruit and twigs.,Bacterial pathogen Xanthomonas citri that spreads through wind-driven rain and contaminated tools.,Apply copper-based bactericides. Remove infected plant parts. Use windbreaks to reduce disease spread.,Apply copper compounds or streptomycin sulfate. Use preventive sprays before rainy seasons.,Use certified disease-free planting material. Implement windbreaks. Disinfect tools and equipment. Control Asian citrus psyllid.
Orange,Greening Disease,Yellow mottled leaves asymmetric yellowing. Bitter lopsided fruit. Tree decline and death.,Bacterial pathogen Candidatus Liberibacter transmitted by Asian citrus psyllid.,No effective organic treatment available. Focus on psyllid control using beneficial insects.,Apply systemic insecticides to control psyllid vector. Use trunk injections with oxytetracycline.,Remove infected trees immediately. Control Asian citrus psyllid with systemic insecticides. Use certified disease-free nursery stock.
Grape,Powdery Mildew,White powdery growth on leaves shoots and berries. Affected berries may split and drop.,Fungal pathogen Uncinula necator favored by moderate temperatures and high humidity.,Apply sulfur dust or lime sulfur spray. Use milk spray or baking soda solution. Improve air circulation.,Apply fungicides containing myclobutanil or tebuconazole. Begin applications at bud break.,Plant resistant varieties. Maintain proper canopy management. Remove infected plant debris. Avoid excessive nitrogen.
Grape,Black Rot,Small reddish-brown spots on leaves that enlarge with dark borders. Berries shrivel into black mummies.,Fungal pathogen Guignardia bidwellii that overwinters in infected plant debris and mummies.,Remove and destroy infected berries and leaves. Apply organic copper fungicides. Use cultural practices to reduce humidity.,Apply fungicides containing captan or mancozeb. Begin applications at bloom and continue through harvest.,Remove mummified berries and infected canes. Maintain good air circulation. Avoid overhead irrigation. Practice clean cultivation.
Strawberry,Gray Mold,Gray fuzzy mold on berries leaves and flowers. Fruit rot during storage.,Fungal pathogen Botrytis cinerea favored by cool humid conditions.,Improve air circulation. Remove infected plant parts. Apply beneficial microorganisms like Trichoderma.,Apply fungicides containing iprodione or fenhexamid. Use preventive sprays during bloom.,Plant in raised beds for drainage. Space plants properly. Remove old leaves and debris. Harvest frequently.
Strawberry,Leaf Spot,Small dark spots with white centers on leaves. Severe infections cause leaf drop.,Fungal pathogens including Mycosphaerella fragariae that spread through splashing water.,Apply organic copper fungicides. Remove infected leaves. Use crop rotation with non-host plants.,Apply fungicides containing captan or myclobutanil. Begin applications in early spring.,Use certified disease-free plants. Avoid overhead watering. Remove old leaves and runners. Practice crop rotation.
Cucumber,Downy Mildew,Yellow angular spots on upper leaf surface. Fuzzy growth on undersides during humid conditions.,Fungal-like pathogen Pseudoperonospora cubensis that spreads through airborne spores.,Apply organic copper fungicides. Improve air circulation. Use resistant varieties when available.,Apply fungicides containing dimethomorph or fluopicolide. Begin preventive applications early in season.,Plant resistant varieties. Avoid overhead watering. Provide adequate spacing. Remove infected plant debris.
Cucumber,Bacterial Wilt,Wilting of individual leaves or entire plants. Sticky bacterial ooze from cut stems.,Bacterial pathogen Erwinia tracheiphila transmitted by cucumber beetles.,Control cucumber beetles with beneficial insects. Remove infected plants immediately. Use row covers early in season.,Apply systemic insecticides to control beetle vectors. Use bactericides containing copper compounds.,Control cucumber beetles with insecticides or beneficial predators. Use floating row covers. Remove infected plants promptly.
Pepper,Bacterial Spot,Small dark spots on leaves with yellow halos. Fruit spots are raised and scabby.,Bacterial pathogens including Xanthomonas species that spread through splashing water.,Apply copper-based bactericides. Remove infected plant debris. Use certified disease-free seeds.,Apply bactericides containing copper compounds or streptomycin. Use preventive sprays in warm humid weather.,Use certified pathogen-free seeds. Avoid overhead watering. Space plants for air circulation. Remove infected plant debris.
Pepper,Phytophthora Blight,Dark water-soaked lesions on stems near soil line. Root rot and plant collapse.,Fungal-like pathogen Phytophthora capsici that thrives in wet soil conditions.,Improve soil drainage. Apply beneficial microorganisms. Use raised beds to avoid waterlogged conditions.,Apply fungicides containing mefenoxam or dimethomorph. Use soil drenches for root protection.,Plant in well-draining soil. Use raised beds. Avoid overwatering. Practice crop rotation with non-host plants.
Carrot,Leaf Blight,Dark brown lesions on leaves that may have yellow halos. Severe infections cause defoliation.,Fungal pathogens including Alternaria dauci that spread through airborne spores.,Apply organic copper fungicides. Remove infected plant debris. Use crop rotation.,Apply fungicides containing chlorothalonil or azoxystrobin. Begin applications when disease first appears.,Use certified disease-free seeds. Avoid overhead watering. Practice crop rotation. Remove plant debris after harvest.
Carrot,Cavity Spot,Small brown sunken spots on carrot roots. May lead to secondary bacterial infections.,Fungal pathogen Pythium species that thrives in wet acidic soils.,Improve soil drainage and pH. Apply organic matter to improve soil structure. Use biological control agents.,Use fungicides containing metalaxyl as soil treatment. Apply lime to adjust soil pH above 6.5.,Maintain proper soil pH between 6.0-7.0. Improve soil drainage. Avoid overwatering. Use resistant varieties when available.
Lettuce,Downy Mildew,Yellow spots on upper leaf surface. White fuzzy growth on undersides. Leaves may rot.,Fungal-like pathogen Bremia lactucae that spreads through airborne spores in cool humid conditions.,Apply organic copper fungicides. Improve air circulation. Remove infected plants.,Apply fungicides containing dimethomorph or propamocarb. Use preventive applications in cool weather.,Plant resistant varieties. Avoid overhead watering. Provide adequate spacing between plants. Remove infected plant debris.
Lettuce,Bottom Rot,Brown slimy rot at base of plant. Lower leaves become water-soaked and decay.,Fungal pathogen Rhizoctonia solani that attacks plants at soil level in wet conditions.,Improve soil drainage. Apply beneficial microorganisms like Trichoderma. Avoid overwatering.,Apply fungicides containing azoxystrobin or flutolanil as soil drenches. Use preventive treatments at planting.,Plant in well-draining soil. Avoid deep planting. Maintain proper irrigation. Use raised beds in wet areas.
Spinach,White Rust,White pustules on undersides of leaves. Upper surfaces show yellow spots.,Fungal-like pathogen Albugo occidentalis that spreads through airborne spores.,Apply organic copper fungicides. Remove infected plants. Improve air circulation.,Apply fungicides containing dimethomorph or copper compounds. Use preventive sprays in cool humid weather.,Plant resistant varieties. Avoid overhead watering. Provide good air circulation. Remove infected plant debris promptly.
Spinach,Fusarium Wilt,Yellowing and wilting of older leaves. Brown discoloration in stem when cut.,Fungal pathogen Fusarium oxysporum that survives in soil and attacks through roots.,Use soil solarization. Apply beneficial microorganisms. Practice long crop rotations.,Apply soil fumigants or fungicides containing thiophanate-methyl. Use biological control agents.,Use resistant varieties. Practice crop rotation. Maintain proper soil pH. Avoid overwatering and root damage.
Bean,Rust,Small reddish-brown pustules on undersides of leaves. Leaves may turn yellow and drop.,Fungal pathogen Uromyces appendiculatus that spreads through airborne spores.,Apply sulfur dust or organic copper fungicides. Remove infected plant debris. Plant resistant varieties.,Apply fungicides containing propiconazole or azoxystrobin. Begin applications when first symptoms appear.,Plant rust-resistant varieties. Avoid overhead watering. Provide good air circulation. Remove crop residues after harvest.
Bean,Bacterial Blight,Water-soaked spots on leaves that turn brown. Pods may show dark streaks.,Bacterial pathogens including Xanthomonas species that spread through water and infected seeds.,Apply copper-based bactericides. Use certified disease-free seeds. Remove infected plants.,Apply bactericides containing copper compounds. Use preventive sprays during humid weather.,Use certified pathogen-free seeds. Avoid overhead watering. Space plants for air circulation. Remove infected plant debris.
Cabbage,Black Rot,V-shaped yellow lesions on leaf margins. Black veins. Heads may rot.,Bacterial pathogen Xanthomonas campestris that enters through wounds and natural openings.,Apply copper-based bactericides. Remove infected plants. Use hot water seed treatment.,Apply bactericides containing copper compounds or streptomycin. Use preventive sprays.,Use certified disease-free seeds. Practice crop rotation. Avoid overhead watering. Control flea beetles and other insects.
Cabbage,Clubroot,Swollen distorted roots. Plants are stunted and may wilt during hot weather.,Fungal-like pathogen Plasmodiophora brassicae that survives in soil for many years.,Apply lime to raise soil pH above 7.2. Use resistant varieties. Practice long crop rotations.,Apply lime and maintain soil pH above 7.2. Use biological control agents. There are no effective chemical treatments.,Maintain soil pH above 7.2. Use resistant varieties. Practice 5-7 year rotation. Improve soil drainage.
Onion,Purple Blotch,Purple to brown lesions with concentric rings on leaves. Lesions may girdle leaves.,Fungal pathogen Alternaria porri favored by warm humid conditions and heavy dews.,Apply organic copper fungicides. Remove infected plant debris. Avoid overhead watering.,Apply fungicides containing azoxystrobin or chlorothalonil. Begin applications when conditions favor disease.,Plant resistant varieties. Avoid overhead irrigation. Space plants for air circulation. Remove crop residues.
Onion,Downy Mildew,Yellow spots on leaves. Gray fuzzy growth on undersides during humid conditions.,Fungal-like pathogen Peronospora destructor that spreads through airborne spores.,Apply organic copper fungicides. Improve air circulation. Remove infected plants.,Apply fungicides containing dimethomorph or propamocarb. Use preventive applications.,Plant resistant varieties. Avoid overhead watering. Provide good air circulation. Remove infected plant debris.
Soybean,Asian Soybean Rust,Small tan to reddish-brown pustules on undersides of leaves. Severe infections cause defoliation.,Fungal pathogen Phakopsora pachyrhizi that spreads rapidly through airborne spores.,Apply organic sulfur or copper fungicides. Monitor fields regularly. Use resistant varieties.,Apply fungicides containing azoxystrobin or propiconazole. Time applications based on disease forecasts.,Plant resistant varieties. Monitor disease forecasts. Scout fields regularly. Apply fungicides preventively in high-risk areas.
Soybean,Sudden Death Syndrome,Yellow leaf spots that turn brown. Leaves drop but petioles remain attached. Root rot.,Fungal pathogen Fusarium virguliforme that attacks roots and produces toxins.,Use biological control agents. Practice crop rotation with corn. Avoid soil compaction.,Apply seed treatments containing fungicides. Use biological control agents as soil amendments.,Use resistant varieties. Practice crop rotation. Improve soil drainage. Avoid planting in heavily infested fields.
Sunflower,Sclerotinia Head Rot,Brown rotting of flower heads. White cottony growth with black sclerotia.,Fungal pathogen Sclerotinia sclerotiorum that produces long-lived survival structures.,Apply biological control agents like Coniothyrium minitans. Remove infected plant debris. Use crop rotation.,Apply fungicides containing boscalid or iprodione. Time applications at early bloom.,Use crop rotation with non-host crops. Maintain wide row spacing. Avoid excessive nitrogen. Deep bury crop residues.
Sunflower,Downy Mildew,Yellow spots on leaves. White fuzzy growth on undersides. Stunted plant growth.,Fungal-like pathogen Plasmopara halstedii that can be seedborne or soilborne.,Use resistant hybrids. Apply organic copper fungicides. Practice crop rotation.,Apply fungicides containing metalaxyl as seed treatments. Use foliar applications of copper compounds.,Plant resistant hybrids. Use certified disease-free seeds. Practice crop rotation. Avoid planting in infested fields.
Cotton,Verticillium Wilt,Yellowing and wilting of leaves starting from lower branches. Brown discoloration in stem.,Fungal pathogen Verticillium dahliae that survives in soil and attacks through roots.,Use biological control agents. Practice crop rotation with non-host plants. Maintain proper nutrition.,Apply soil fumigants or fungicides containing thiophanate-methyl. Use biological control agents.,Use resistant varieties. Practice crop rotation. Maintain balanced nutrition. Avoid stress conditions.
Cotton,Bacterial Blight,Angular water-soaked spots on leaves. Black arm symptoms on stems and bolls.,Bacterial pathogen Xanthomonas citri that spreads through splashing rain and contaminated equipment.,Apply copper-based bactericides. Use certified disease-free seeds. Remove infected plant debris.,Apply bactericides containing copper compounds or streptomycin. Use preventive sprays.,Use certified pathogen-free seeds. Avoid overhead irrigation. Practice field sanitation. Control insect vectors.